{"actions":[],"apps":[{"acl":{"app":[],"field":[],"record":[]},"app":null,"category":{"categories":[],"useCategory":"false"},"form":{"layout":"[{\"id\":null,\"type\":\"ROW\",\"isSubTable\":false,\"var\":null,\"label\":null,\"controlList\":[{\"isVirtical\":true,\"styleMap\":{\"width\":193},\"type\":\"DECIMAL\",\"var\":\"アプリID\",\"label\":\"アプリID\"},{\"isVirtical\":true,\"styleMap\":{\"width\":193},\"type\":\"SINGLE_LINE_TEXT\",\"var\":\"アプリCODE\",\"label\":\"アプリCODE\"}]},{\"id\":null,\"type\":\"ROW\",\"isSubTable\":false,\"var\":null,\"label\":null,\"controlList\":[{\"isVirtical\":true,\"styleMap\":{\"width\":525},\"type\":\"SINGLE_LINE_TEXT\",\"var\":\"アプリ名\",\"label\":\"アプリ名\"}]},{\"id\":null,\"type\":\"ROW\",\"isSubTable\":false,\"var\":null,\"label\":null,\"controlList\":[{\"isVirtical\":true,\"styleMap\":{\"width\":193},\"type\":\"DECIMAL\",\"var\":\"uid\",\"label\":\"uid\"}]},{\"id\":null,\"type\":\"ROW\",\"isSubTable\":false,\"var\":null,\"label\":null,\"controlList\":[{\"isVirtical\":true,\"styleMap\":{\"width\":516},\"type\":\"SINGLE_LINE_TEXT\",\"var\":\"メモ\",\"label\":\"メモ\"}]},{\"id\":null,\"type\":\"ROW\",\"isSubTable\":false,\"var\":null,\"label\":null,\"controlList\":[{\"isVirtical\":true,\"styleMap\":{},\"canvasData\":[{\"id\":null,\"type\":\"ROW\",\"isSubTable\":false,\"var\":null,\"label\":null,\"controlList\":[{\"isVirtical\":true,\"styleMap\":{\"width\":120},\"type\":\"RECORD_ID\",\"var\":\"レコード番号\",\"label\":\"レコード番号\"}]},{\"id\":null,\"type\":\"ROW\",\"isSubTable\":false,\"var\":null,\"label\":null,\"controlList\":[{\"isVirtical\":true,\"styleMap\":{\"width\":196},\"type\":\"CREATED_AT\",\"var\":\"作成日時\",\"label\":\"作成日時\"},{\"isVirtical\":true,\"styleMap\":{\"width\":136},\"type\":\"CREATOR\",\"var\":\"作成者\",\"label\":\"作成者\"}]},{\"id\":null,\"type\":\"ROW\",\"isSubTable\":false,\"var\":null,\"label\":null,\"controlList\":[{\"isVirtical\":true,\"styleMap\":{\"width\":196},\"type\":\"MODIFIED_AT\",\"var\":\"更新日時\",\"label\":\"更新日時\"},{\"isVirtical\":true,\"styleMap\":{\"width\":136},\"type\":\"MODIFIER\",\"var\":\"更新者\",\"label\":\"更新者\"}]}],\"type\":\"GROUP\",\"var\":\"システム利用\",\"label\":\"システム利用\"}]}]","revision":null},"iconMeta":null,"info":{"automaticallyChooseTitleComponent":"false","code":null,"decimalPrecision":"16","decimalScale":"4","description":"\u003Cdiv\u003E\u003Cbr /\u003E\u003C/div\u003E","enableBulkDeletion":"false","enableRecordReuse":"true","fiscalYearStartMonth":"4","iconKey":"APP60","iconType":"PRESET","jsFiles":null,"jsScope":"ALL","name":"【GAMENI練習】番号管理マスタ","roundingMode":"HALF_EVEN","theme":"PLAIN","titleComponentLocalId":null,"useComment":"true","useHistory":"true","useThumbnail":"true"},"jsFiles":[],"notification":{"appNotifications":[{"events":["RECORD_COMMENT_ADDED"],"target":{"entityId":"5519905","entityType":"FIELD_ENTITY","includeSubs":"false"}},{"events":["RECORD_COMMENT_ADDED"],"target":{"entityId":"5519906","entityType":"FIELD_ENTITY","includeSubs":"false"}}],"recordNotifications":[],"reminderTimezone":null,"reminders":[],"useComment":"true","useReminder":"false"},"plugins":[{"enabled":"true","id":"fdeplpmkengkldpdlaiegpokgmaabkkb"}],"reports":[],"resource":{"tables":[{"rows":[{"fields":[],"objectId":"0","subObjectId":"-1"}],"type":"AppName"},{"rows":[{"fields":[],"objectId":"0","subObjectId":"-1"}],"type":"AppDescription"},{"rows":[{"fields":[],"objectId":"5519904","subObjectId":"-1"},{"fields":[],"objectId":"5519905","subObjectId":"-1"},{"fields":[],"objectId":"5519906","subObjectId":"-1"},{"fields":[],"objectId":"5519907","subObjectId":"-1"},{"fields":[],"objectId":"5519908","subObjectId":"-1"},{"fields":[],"objectId":"5519909","subObjectId":"-1"},{"fields":[],"objectId":"5519910","subObjectId":"-1"},{"fields":[],"objectId":"5519911","subObjectId":"-1"},{"fields":[],"objectId":"5519914","subObjectId":"-1"},{"fields":[],"objectId":"5523679","subObjectId":"-1"},{"fields":[],"objectId":"5523680","subObjectId":"-1"},{"fields":[],"objectId":"5523681","subObjectId":"-1"},{"fields":[],"objectId":"5523682","subObjectId":"-1"}],"type":"FieldLabel"},{"rows":[{"fields":[],"objectId":"20","subObjectId":"-1"}],"type":"ViewName"}]},"schema":{"groups":[{"childLocalId":"5519904","vtComponentLocalId":"5519913"},{"childLocalId":"5519905","vtComponentLocalId":"5519913"},{"childLocalId":"5519906","vtComponentLocalId":"5519913"},{"childLocalId":"5519907","vtComponentLocalId":"5519913"},{"childLocalId":"5519908","vtComponentLocalId":"5519913"}],"revision":null,"subTable":{},"table":{"fieldList":{"5519904":{"id":"5519904","label":"レコード番号","properties":{"noLabel":"false","required":"true"},"type":"RECORD_ID","var":"レコード番号"},"5519905":{"id":"5519905","label":"更新者","properties":{"noLabel":"false","required":"true"},"type":"MODIFIER","var":"更新者"},"5519906":{"id":"5519906","label":"作成者","properties":{"noLabel":"false","required":"true"},"type":"CREATOR","var":"作成者"},"5519907":{"id":"5519907","label":"更新日時","properties":{"noLabel":"false","required":"true"},"type":"MODIFIED_AT","var":"更新日時"},"5519908":{"id":"5519908","label":"作成日時","properties":{"noLabel":"false","required":"true"},"type":"CREATED_AT","var":"作成日時"},"5519909":{"id":"5519909","label":"ステータス","properties":{"noLabel":"false","required":"false"},"type":"STATUS","var":"ステータス"},"5519910":{"id":"5519910","label":"作業者","properties":{"noLabel":"false","required":"false"},"type":"STATUS_ASSIGNEE","var":"作業者"},"5519911":{"id":"5519911","label":"カテゴリー","properties":{"noLabel":"false","required":"false"},"type":"CATEGORY","var":"カテゴリー"},"5519913":{"id":"5519913","label":"システム利用","properties":{"noLabel":"false","open":"false","required":"false"},"type":"GROUP","var":"システム利用"},"5519914":{"id":"5519914","label":"uid","properties":{"defaultValue":null,"digit":"false","displayScale":null,"max":null,"min":null,"noLabel":"false","required":"true","roundingMode":null,"scale":null,"unique":"false","unit":"","unitPosition":"BEFORE"},"type":"DECIMAL","var":"uid"},"5523679":{"id":"5523679","label":"アプリID","properties":{"defaultValue":null,"digit":"false","displayScale":null,"max":null,"min":null,"noLabel":"false","required":"false","roundingMode":null,"scale":null,"unique":"true","unit":"","unitPosition":"BEFORE"},"type":"DECIMAL","var":"アプリID"},"5523680":{"id":"5523680","label":"アプリCODE","properties":{"defaultValue":"","expression":"","hideExpression":"false","max":null,"min":null,"noLabel":"false","required":"true","unique":"false"},"type":"SINGLE_LINE_TEXT","var":"アプリCODE"},"5523681":{"id":"5523681","label":"アプリ名","properties":{"defaultValue":"","expression":"","hideExpression":"false","max":null,"min":null,"noLabel":"false","required":"false","unique":"false"},"type":"SINGLE_LINE_TEXT","var":"アプリ名"},"5523682":{"id":"5523682","label":"メモ","properties":{"defaultValue":"","expression":"","hideExpression":"false","max":null,"min":null,"noLabel":"false","required":"false","unique":"false"},"type":"SINGLE_LINE_TEXT","var":"メモ"}},"id":"1","label":"__ROOT__","properties":null,"var":"__ROOT__"}},"settingsNotesForm":{"content":null,"willBeInherited":null},"status":{"actions":[],"filters":[],"initialStateId":null,"states":[],"useStatus":"false"},"uuid":"90eb5e97-b3cd-4729-be39-6a7444bff494","views":[{"advancedMode":null,"builtinType":"ALL","device":null,"fields":[{"row":[{"columnWidth":null,"id":"5519904"},{"columnWidth":null,"id":"5519914"},{"columnWidth":null,"id":"5523679"},{"columnWidth":null,"id":"5523680"},{"columnWidth":null,"id":"5523681"},{"columnWidth":null,"id":"5523682"}]}],"filter":{"category":null,"offset":null,"order":[],"q":null,"size":null,"sort":[]},"html":null,"keyFieldId":null,"name":"（すべて）","pager":null,"revision":null,"titleFieldId":null,"view":"20","viewType":"LIST"}]},{"acl":{"app":[],"field":[],"record":[]},"app":null,"category":{"categories":[],"useCategory":"false"},"form":{"layout":"[{\"id\":null,\"type\":\"ROW\",\"isSubTable\":false,\"var\":null,\"label\":null,\"controlList\":[{\"isVirtical\":true,\"styleMap\":{\"width\":196},\"type\":\"DATETIME\",\"var\":\"日時\",\"label\":\"日時\"}]},{\"id\":null,\"type\":\"ROW\",\"isSubTable\":false,\"var\":null,\"label\":null,\"controlList\":[{\"isVirtical\":true,\"styleMap\":{\"width\":801,\"height\":302,\"innerHeight\":265},\"type\":\"MULTIPLE_LINE_TEXT\",\"var\":\"エラーメッセージ\",\"label\":\"エラーメッセージ\"}]},{\"id\":null,\"type\":\"ROW\",\"isSubTable\":false,\"var\":null,\"label\":null,\"controlList\":[{\"isVirtical\":true,\"styleMap\":{\"width\":801,\"height\":405,\"innerHeight\":368},\"type\":\"MULTIPLE_LINE_TEXT\",\"var\":\"エラーオブジェクト\",\"label\":\"エラーオブジェクト\"}]},{\"id\":null,\"type\":\"ROW\",\"isSubTable\":false,\"var\":null,\"label\":null,\"controlList\":[{\"isVirtical\":true,\"styleMap\":{\"width\":801,\"height\":396,\"innerHeight\":359},\"type\":\"MULTIPLE_LINE_TEXT\",\"var\":\"stack_trace\",\"label\":\"StackTrace\"}]},{\"id\":null,\"type\":\"ROW\",\"isSubTable\":false,\"var\":null,\"label\":null,\"controlList\":[{\"isVirtical\":true,\"styleMap\":{\"width\":193},\"type\":\"SINGLE_LINE_TEXT\",\"var\":\"マーク\",\"label\":\"マーク\"}]},{\"id\":null,\"type\":\"ROW\",\"isSubTable\":false,\"var\":null,\"label\":null,\"controlList\":[{\"isVirtical\":true,\"styleMap\":{},\"canvasData\":[{\"id\":null,\"type\":\"ROW\",\"isSubTable\":false,\"var\":null,\"label\":null,\"controlList\":[{\"isVirtical\":true,\"styleMap\":{\"width\":120},\"type\":\"RECORD_ID\",\"var\":\"レコード番号\",\"label\":\"レコード番号\"}]},{\"id\":null,\"type\":\"ROW\",\"isSubTable\":false,\"var\":null,\"label\":null,\"controlList\":[{\"isVirtical\":true,\"styleMap\":{\"width\":196},\"type\":\"CREATED_AT\",\"var\":\"作成日時\",\"label\":\"作成日時\"},{\"isVirtical\":true,\"styleMap\":{\"width\":136},\"type\":\"CREATOR\",\"var\":\"作成者\",\"label\":\"作成者\"}]},{\"id\":null,\"type\":\"ROW\",\"isSubTable\":false,\"var\":null,\"label\":null,\"controlList\":[{\"isVirtical\":true,\"styleMap\":{\"width\":196},\"type\":\"MODIFIED_AT\",\"var\":\"更新日時\",\"label\":\"更新日時\"},{\"isVirtical\":true,\"styleMap\":{\"width\":136},\"type\":\"MODIFIER\",\"var\":\"更新者\",\"label\":\"更新者\"}]}],\"type\":\"GROUP\",\"var\":\"グループ\",\"label\":\"システム利用\"}]}]","revision":null},"iconMeta":null,"info":{"automaticallyChooseTitleComponent":"false","code":null,"decimalPrecision":"16","decimalScale":"4","description":"\u003Cdiv\u003E\u003Cbr /\u003E\u003C/div\u003E","enableBulkDeletion":"false","enableRecordReuse":"true","fiscalYearStartMonth":"4","iconKey":"APP77","iconType":"PRESET","jsFiles":null,"jsScope":"ALL","name":"【GAMENI練習】エラーログ","roundingMode":"HALF_EVEN","theme":"PLAIN","titleComponentLocalId":"5739001","useComment":"true","useHistory":"true","useThumbnail":"true"},"jsFiles":[],"notification":{"appNotifications":[{"events":["RECORD_COMMENT_ADDED"],"target":{"entityId":"5739002","entityType":"FIELD_ENTITY","includeSubs":"false"}},{"events":["RECORD_COMMENT_ADDED"],"target":{"entityId":"5739003","entityType":"FIELD_ENTITY","includeSubs":"false"}}],"recordNotifications":[],"reminderTimezone":null,"reminders":[],"useComment":"true","useReminder":"false"},"plugins":[],"reports":[],"resource":{"tables":[{"rows":[{"fields":[],"objectId":"0","subObjectId":"-1"}],"type":"AppName"},{"rows":[{"fields":[],"objectId":"0","subObjectId":"-1"}],"type":"AppDescription"},{"rows":[{"fields":[],"objectId":"5739001","subObjectId":"-1"},{"fields":[],"objectId":"5739002","subObjectId":"-1"},{"fields":[],"objectId":"5739003","subObjectId":"-1"},{"fields":[],"objectId":"5739004","subObjectId":"-1"},{"fields":[],"objectId":"5739005","subObjectId":"-1"},{"fields":[],"objectId":"5739006","subObjectId":"-1"},{"fields":[],"objectId":"5739007","subObjectId":"-1"},{"fields":[],"objectId":"5739008","subObjectId":"-1"},{"fields":[],"objectId":"5739009","subObjectId":"-1"},{"fields":[],"objectId":"5739010","subObjectId":"-1"},{"fields":[],"objectId":"5739011","subObjectId":"-1"},{"fields":[],"objectId":"5739012","subObjectId":"-1"},{"fields":[],"objectId":"5739018","subObjectId":"-1"}],"type":"FieldLabel"},{"rows":[{"fields":[],"objectId":"5739015","subObjectId":"-1"},{"fields":[],"objectId":"20","subObjectId":"-1"}],"type":"ViewName"}]},"schema":{"groups":[{"childLocalId":"5739001","vtComponentLocalId":"5739016"},{"childLocalId":"5739002","vtComponentLocalId":"5739016"},{"childLocalId":"5739003","vtComponentLocalId":"5739016"},{"childLocalId":"5739004","vtComponentLocalId":"5739016"},{"childLocalId":"5739005","vtComponentLocalId":"5739016"}],"revision":null,"subTable":{},"table":{"fieldList":{"5739001":{"id":"5739001","label":"レコード番号","properties":{"noLabel":"false","required":"true"},"type":"RECORD_ID","var":"レコード番号"},"5739002":{"id":"5739002","label":"更新者","properties":{"noLabel":"false","required":"true"},"type":"MODIFIER","var":"更新者"},"5739003":{"id":"5739003","label":"作成者","properties":{"noLabel":"false","required":"true"},"type":"CREATOR","var":"作成者"},"5739004":{"id":"5739004","label":"更新日時","properties":{"noLabel":"false","required":"true"},"type":"MODIFIED_AT","var":"更新日時"},"5739005":{"id":"5739005","label":"作成日時","properties":{"noLabel":"false","required":"true"},"type":"CREATED_AT","var":"作成日時"},"5739006":{"id":"5739006","label":"ステータス","properties":{"noLabel":"false","required":"false"},"type":"STATUS","var":"ステータス"},"5739007":{"id":"5739007","label":"作業者","properties":{"noLabel":"false","required":"false"},"type":"STATUS_ASSIGNEE","var":"作業者"},"5739008":{"id":"5739008","label":"カテゴリー","properties":{"noLabel":"false","required":"false"},"type":"CATEGORY","var":"カテゴリー"},"5739009":{"id":"5739009","label":"日時","properties":{"defaultExpression":"NOW","defaultValue":null,"noLabel":"false","required":"false","unique":"false"},"type":"DATETIME","var":"日時"},"5739010":{"id":"5739010","label":"エラーメッセージ","properties":{"defaultValue":"","noLabel":"false","required":"false"},"type":"MULTIPLE_LINE_TEXT","var":"エラーメッセージ"},"5739011":{"id":"5739011","label":"エラーオブジェクト","properties":{"defaultValue":"","noLabel":"false","required":"false"},"type":"MULTIPLE_LINE_TEXT","var":"エラーオブジェクト"},"5739012":{"id":"5739012","label":"StackTrace","properties":{"defaultValue":"","noLabel":"false","required":"false"},"type":"MULTIPLE_LINE_TEXT","var":"stack_trace"},"5739016":{"id":"5739016","label":"システム利用","properties":{"noLabel":"false","open":"false","required":"false"},"type":"GROUP","var":"グループ"},"5739018":{"id":"5739018","label":"マーク","properties":{"defaultValue":"","expression":"","hideExpression":"false","max":null,"min":null,"noLabel":"false","required":"false","unique":"false"},"type":"SINGLE_LINE_TEXT","var":"マーク"}},"id":"1","label":"__ROOT__","properties":null,"var":"__ROOT__"}},"settingsNotesForm":{"content":null,"willBeInherited":null},"status":{"actions":[],"filters":[],"initialStateId":null,"states":[],"useStatus":"false"},"uuid":"861e2495-2e7e-4be9-b4f6-299576ae2cc8","views":[{"advancedMode":"false","builtinType":null,"device":null,"fields":[{"row":[{"columnWidth":null,"id":"5739009"},{"columnWidth":null,"id":"5739010"},{"columnWidth":null,"id":"5739011"},{"columnWidth":null,"id":"5739012"},{"columnWidth":null,"id":"5739018"},{"columnWidth":null,"id":"5739003"}]}],"filter":{"category":null,"offset":null,"order":["DESC"],"q":null,"size":null,"sort":["f5739009"]},"html":null,"keyFieldId":null,"name":"エラーログ","pager":null,"revision":null,"titleFieldId":null,"view":"5739015","viewType":"LIST"},{"advancedMode":null,"builtinType":"ALL","device":null,"fields":[{"row":[{"columnWidth":null,"id":"5739001"},{"columnWidth":null,"id":"5739009"},{"columnWidth":null,"id":"5739010"},{"columnWidth":null,"id":"5739011"},{"columnWidth":null,"id":"5739012"},{"columnWidth":null,"id":"5739018"}]}],"filter":{"category":null,"offset":null,"order":[],"q":null,"size":null,"sort":[]},"html":null,"keyFieldId":null,"name":"（すべて）","pager":null,"revision":null,"titleFieldId":null,"view":"20","viewType":"LIST"}]},{"acl":{"app":[],"field":[],"record":[]},"app":null,"category":{"categories":[],"useCategory":"false"},"form":{"layout":"[{\"id\":null,\"type\":\"ROW\",\"isSubTable\":false,\"var\":null,\"label\":null,\"controlList\":[{\"styleMap\":{\"width\":154,\"height\":28},\"elementId\":\"btn\",\"type\":\"SPACER\"}]},{\"id\":null,\"type\":\"ROW\",\"isSubTable\":false,\"var\":null,\"label\":null,\"controlList\":[{\"isVirtical\":true,\"styleMap\":{\"width\":196},\"type\":\"SINGLE_SELECT\",\"var\":\"分類\",\"label\":\"分類\"},{\"isVirtical\":true,\"styleMap\":{\"width\":311},\"type\":\"SINGLE_LINE_TEXT\",\"var\":\"商品名\",\"label\":\"商品名\"}]},{\"id\":null,\"type\":\"ROW\",\"isSubTable\":false,\"var\":null,\"label\":null,\"controlList\":[{\"isVirtical\":true,\"styleMap\":{\"width\":193},\"type\":\"DECIMAL\",\"var\":\"単価\",\"label\":\"単価\"}]},{\"id\":null,\"type\":\"ROW\",\"isSubTable\":false,\"var\":null,\"label\":null,\"controlList\":[{\"isVirtical\":true,\"styleMap\":{},\"canvasData\":[{\"id\":null,\"type\":\"ROW\",\"isSubTable\":false,\"var\":null,\"label\":null,\"controlList\":[{\"isVirtical\":true,\"styleMap\":{\"width\":193},\"type\":\"DECIMAL\",\"var\":\"uid\",\"label\":\"uid\"}]},{\"id\":null,\"type\":\"ROW\",\"isSubTable\":false,\"var\":null,\"label\":null,\"controlList\":[{\"isVirtical\":true,\"styleMap\":{\"width\":454},\"type\":\"SINGLE_LINE_TEXT\",\"var\":\"record_title\",\"label\":\"レコードタイトル\"}]},{\"id\":null,\"type\":\"ROW\",\"isSubTable\":false,\"var\":null,\"label\":null,\"controlList\":[{\"isVirtical\":true,\"styleMap\":{\"width\":454},\"type\":\"SINGLE_LINE_TEXT\",\"var\":\"lookup_key\",\"label\":\"レコード情報検索\"}]},{\"id\":null,\"type\":\"ROW\",\"isSubTable\":false,\"var\":null,\"label\":null,\"controlList\":[{\"isVirtical\":true,\"styleMap\":{\"width\":193},\"type\":\"SINGLE_LINE_TEXT\",\"var\":\"no\",\"label\":\"No\"}]},{\"id\":null,\"type\":\"ROW\",\"isSubTable\":false,\"var\":null,\"label\":null,\"controlList\":[{\"isVirtical\":true,\"styleMap\":{\"width\":196},\"type\":\"CREATED_AT\",\"var\":\"作成日時\",\"label\":\"作成日時\"},{\"isVirtical\":true,\"styleMap\":{\"width\":136},\"type\":\"CREATOR\",\"var\":\"作成者\",\"label\":\"作成者\"}]},{\"id\":null,\"type\":\"ROW\",\"isSubTable\":false,\"var\":null,\"label\":null,\"controlList\":[{\"isVirtical\":true,\"styleMap\":{\"width\":196},\"type\":\"MODIFIED_AT\",\"var\":\"更新日時\",\"label\":\"更新日時\"},{\"isVirtical\":true,\"styleMap\":{\"width\":136},\"type\":\"MODIFIER\",\"var\":\"更新者\",\"label\":\"更新者\"}]}],\"type\":\"GROUP\",\"var\":\"システム利用\",\"label\":\"システム利用\"}]}]","revision":null},"iconMeta":null,"info":{"automaticallyChooseTitleComponent":"false","code":null,"decimalPrecision":"16","decimalScale":"4","description":"\u003Cdiv\u003E\u003Cbr /\u003E\u003C/div\u003E","enableBulkDeletion":"false","enableRecordReuse":"true","fiscalYearStartMonth":"4","iconKey":"APP65","iconType":"PRESET","jsFiles":null,"jsScope":"ALL","name":"【GAMENI練習】商品マスタ","roundingMode":"HALF_EVEN","theme":"PLAIN","titleComponentLocalId":"5519915","useComment":"true","useHistory":"true","useThumbnail":"true"},"jsFiles":[],"notification":{"appNotifications":[{"events":["RECORD_COMMENT_ADDED"],"target":{"entityId":"5519905","entityType":"FIELD_ENTITY","includeSubs":"false"}},{"events":["RECORD_COMMENT_ADDED"],"target":{"entityId":"5519906","entityType":"FIELD_ENTITY","includeSubs":"false"}}],"recordNotifications":[],"reminderTimezone":null,"reminders":[],"useComment":"true","useReminder":"false"},"plugins":[{"enabled":"true","id":"fdeplpmkengkldpdlaiegpokgmaabkkb"}],"reports":[],"resource":{"tables":[{"rows":[{"fields":[],"objectId":"0","subObjectId":"-1"}],"type":"AppName"},{"rows":[{"fields":[],"objectId":"0","subObjectId":"-1"}],"type":"AppDescription"},{"rows":[{"fields":[],"objectId":"5519904","subObjectId":"-1"},{"fields":[],"objectId":"5519905","subObjectId":"-1"},{"fields":[],"objectId":"5519906","subObjectId":"-1"},{"fields":[],"objectId":"5519907","subObjectId":"-1"},{"fields":[],"objectId":"5519908","subObjectId":"-1"},{"fields":[],"objectId":"5519909","subObjectId":"-1"},{"fields":[],"objectId":"5519910","subObjectId":"-1"},{"fields":[],"objectId":"5519911","subObjectId":"-1"},{"fields":[],"objectId":"5519914","subObjectId":"-1"},{"fields":[],"objectId":"5519915","subObjectId":"-1"},{"fields":[],"objectId":"5519916","subObjectId":"-1"},{"fields":[],"objectId":"5519917","subObjectId":"-1"},{"fields":[],"objectId":"5739037","subObjectId":"-1"},{"fields":[],"objectId":"5739037","subObjectId":"5739033"},{"fields":[],"objectId":"5739037","subObjectId":"5739034"},{"fields":[],"objectId":"5739037","subObjectId":"5739035"},{"fields":[],"objectId":"5739037","subObjectId":"5739036"},{"fields":[],"objectId":"5739038","subObjectId":"-1"},{"fields":[],"objectId":"5739039","subObjectId":"-1"}],"type":"FieldLabel"},{"rows":[{"fields":[],"objectId":"5739087","subObjectId":"-1"},{"fields":[],"objectId":"20","subObjectId":"-1"}],"type":"ViewName"}]},"schema":{"groups":[{"childLocalId":"5519905","vtComponentLocalId":"5519913"},{"childLocalId":"5519906","vtComponentLocalId":"5519913"},{"childLocalId":"5519907","vtComponentLocalId":"5519913"},{"childLocalId":"5519908","vtComponentLocalId":"5519913"},{"childLocalId":"5519914","vtComponentLocalId":"5519913"},{"childLocalId":"5519915","vtComponentLocalId":"5519913"},{"childLocalId":"5519916","vtComponentLocalId":"5519913"},{"childLocalId":"5519917","vtComponentLocalId":"5519913"}],"revision":null,"subTable":{},"table":{"fieldList":{"5519904":{"id":"5519904","label":"レコード番号","properties":{"noLabel":"false","required":"true"},"type":"RECORD_ID","var":"レコード番号"},"5519905":{"id":"5519905","label":"更新者","properties":{"noLabel":"false","required":"true"},"type":"MODIFIER","var":"更新者"},"5519906":{"id":"5519906","label":"作成者","properties":{"noLabel":"false","required":"true"},"type":"CREATOR","var":"作成者"},"5519907":{"id":"5519907","label":"更新日時","properties":{"noLabel":"false","required":"true"},"type":"MODIFIED_AT","var":"更新日時"},"5519908":{"id":"5519908","label":"作成日時","properties":{"noLabel":"false","required":"true"},"type":"CREATED_AT","var":"作成日時"},"5519909":{"id":"5519909","label":"ステータス","properties":{"noLabel":"false","required":"false"},"type":"STATUS","var":"ステータス"},"5519910":{"id":"5519910","label":"作業者","properties":{"noLabel":"false","required":"false"},"type":"STATUS_ASSIGNEE","var":"作業者"},"5519911":{"id":"5519911","label":"カテゴリー","properties":{"noLabel":"false","required":"false"},"type":"CATEGORY","var":"カテゴリー"},"5519913":{"id":"5519913","label":"システム利用","properties":{"noLabel":"false","open":"false","required":"false"},"type":"GROUP","var":"システム利用"},"5519914":{"id":"5519914","label":"uid","properties":{"defaultValue":null,"digit":"false","displayScale":null,"max":null,"min":null,"noLabel":"false","required":"true","roundingMode":null,"scale":null,"unique":"true","unit":"","unitPosition":"BEFORE"},"type":"DECIMAL","var":"uid"},"5519915":{"id":"5519915","label":"レコードタイトル","properties":{"defaultValue":"","expression":"","hideExpression":"false","max":null,"min":null,"noLabel":"false","required":"true","unique":"false"},"type":"SINGLE_LINE_TEXT","var":"record_title"},"5519916":{"id":"5519916","label":"レコード情報検索","properties":{"defaultValue":"","expression":"","hideExpression":"false","max":"64","min":null,"noLabel":"false","required":"true","unique":"true"},"type":"SINGLE_LINE_TEXT","var":"lookup_key"},"5519917":{"id":"5519917","label":"No","properties":{"defaultValue":"","expression":"","hideExpression":"false","max":"64","min":null,"noLabel":"false","required":"true","unique":"true"},"type":"SINGLE_LINE_TEXT","var":"no"},"5739037":{"id":"5739037","label":"分類","properties":{"defaultValue":null,"noLabel":"false","options":[{"id":"5739033","label":"野菜","valid":true},{"id":"5739034","label":"果物","valid":true},{"id":"5739035","label":"肉","valid":true},{"id":"5739036","label":"魚","valid":true}],"required":"true"},"type":"SINGLE_SELECT","var":"分類"},"5739038":{"id":"5739038","label":"商品名","properties":{"defaultValue":"","expression":"","hideExpression":"false","max":null,"min":null,"noLabel":"false","required":"false","unique":"false"},"type":"SINGLE_LINE_TEXT","var":"商品名"},"5739039":{"id":"5739039","label":"単価","properties":{"defaultValue":null,"digit":"true","displayScale":null,"max":null,"min":null,"noLabel":"false","required":"false","roundingMode":null,"scale":null,"unique":"false","unit":"","unitPosition":"BEFORE"},"type":"DECIMAL","var":"単価"}},"id":"1","label":"__ROOT__","properties":null,"var":"__ROOT__"}},"settingsNotesForm":{"content":null,"willBeInherited":null},"status":{"actions":[],"filters":[],"initialStateId":null,"states":[],"useStatus":"false"},"uuid":"32e3412d-0d10-4c4f-991f-06ef8f9ef1b4","views":[{"advancedMode":"false","builtinType":null,"device":null,"fields":[{"row":[{"columnWidth":"49","id":"5739037"},{"columnWidth":"128","id":"5739038"},{"columnWidth":"49","id":"5739039"},{"columnWidth":"247","id":"5519916"}]}],"filter":{"category":null,"offset":null,"order":["DESC"],"q":null,"size":null,"sort":["f5519904"]},"html":null,"keyFieldId":null,"name":"一覧1","pager":null,"revision":null,"titleFieldId":null,"view":"5739087","viewType":"LIST"},{"advancedMode":null,"builtinType":"ALL","device":null,"fields":[{"row":[{"columnWidth":null,"id":"5519904"},{"columnWidth":null,"id":"5519914"},{"columnWidth":null,"id":"5519915"},{"columnWidth":null,"id":"5519916"},{"columnWidth":null,"id":"5519917"},{"columnWidth":null,"id":"5739037"},{"columnWidth":null,"id":"5739038"},{"columnWidth":null,"id":"5739039"}]}],"filter":{"category":null,"offset":null,"order":[],"q":null,"size":null,"sort":[]},"html":null,"keyFieldId":null,"name":"（すべて）","pager":null,"revision":null,"titleFieldId":null,"view":"20","viewType":"LIST"}]},{"acl":{"app":[],"field":[],"record":[]},"app":null,"category":{"categories":[],"useCategory":"false"},"form":{"layout":"[{\"id\":null,\"type\":\"ROW\",\"isSubTable\":false,\"var\":null,\"label\":null,\"controlList\":[{\"styleMap\":{\"width\":154,\"height\":28},\"elementId\":\"btn\",\"type\":\"SPACER\"}]},{\"id\":null,\"type\":\"ROW\",\"isSubTable\":false,\"var\":null,\"label\":null,\"controlList\":[{\"isVirtical\":true,\"styleMap\":{\"width\":117},\"type\":\"DATE\",\"var\":\"日付\",\"label\":\"日付\"},{\"isVirtical\":true,\"styleMap\":{\"width\":193},\"type\":\"SINGLE_LINE_TEXT\",\"var\":\"顧客\",\"label\":\"顧客\"}]},{\"id\":null,\"type\":\"ROW\",\"isSubTable\":false,\"var\":null,\"label\":null,\"controlList\":[{\"isVirtical\":true,\"styleMap\":{\"width\":193},\"type\":\"DECIMAL\",\"var\":\"合計金額\",\"label\":\"合計金額\"},{\"isVirtical\":true,\"styleMap\":{\"width\":193},\"type\":\"SINGLE_LINE_TEXT\",\"var\":\"文字列__1行_\",\"label\":\"文字列 (1行)\"}]},{\"id\":\"5739079\",\"type\":\"SUBTABLE\",\"isSubTable\":true,\"var\":\"テーブル\",\"label\":\"テーブル\",\"controlList\":[{\"isVirtical\":true,\"styleMap\":{\"width\":246},\"type\":\"SINGLE_LINE_TEXT\",\"var\":\"商品検索\",\"label\":\"商品検索\"},{\"isVirtical\":true,\"styleMap\":{\"width\":169},\"type\":\"SINGLE_LINE_TEXT\",\"var\":\"商品名\",\"label\":\"商品名\"},{\"isVirtical\":true,\"styleMap\":{\"width\":142},\"type\":\"SINGLE_LINE_TEXT\",\"var\":\"分類\",\"label\":\"分類\"},{\"isVirtical\":true,\"styleMap\":{\"width\":193},\"type\":\"DECIMAL\",\"var\":\"単価\",\"label\":\"単価\"},{\"isVirtical\":true,\"styleMap\":{\"width\":193},\"type\":\"DECIMAL\",\"var\":\"数量\",\"label\":\"数量\"},{\"isVirtical\":true,\"styleMap\":{\"width\":193},\"type\":\"DECIMAL\",\"var\":\"金額\",\"label\":\"金額\"}]},{\"id\":null,\"type\":\"ROW\",\"isSubTable\":false,\"var\":null,\"label\":null,\"controlList\":[{\"isVirtical\":true,\"styleMap\":{},\"canvasData\":[{\"id\":null,\"type\":\"ROW\",\"isSubTable\":false,\"var\":null,\"label\":null,\"controlList\":[{\"isVirtical\":true,\"styleMap\":{\"width\":193},\"type\":\"DECIMAL\",\"var\":\"uid\",\"label\":\"uid\"}]},{\"id\":null,\"type\":\"ROW\",\"isSubTable\":false,\"var\":null,\"label\":null,\"controlList\":[{\"isVirtical\":true,\"styleMap\":{\"width\":454},\"type\":\"SINGLE_LINE_TEXT\",\"var\":\"record_title\",\"label\":\"レコードタイトル\"}]},{\"id\":null,\"type\":\"ROW\",\"isSubTable\":false,\"var\":null,\"label\":null,\"controlList\":[{\"isVirtical\":true,\"styleMap\":{\"width\":454},\"type\":\"SINGLE_LINE_TEXT\",\"var\":\"lookup_key\",\"label\":\"レコード情報検索\"}]},{\"id\":null,\"type\":\"ROW\",\"isSubTable\":false,\"var\":null,\"label\":null,\"controlList\":[{\"isVirtical\":true,\"styleMap\":{\"width\":193},\"type\":\"SINGLE_LINE_TEXT\",\"var\":\"no\",\"label\":\"No\"}]},{\"id\":null,\"type\":\"ROW\",\"isSubTable\":false,\"var\":null,\"label\":null,\"controlList\":[{\"isVirtical\":true,\"styleMap\":{\"width\":196},\"type\":\"CREATED_AT\",\"var\":\"作成日時\",\"label\":\"作成日時\"},{\"isVirtical\":true,\"styleMap\":{\"width\":136},\"type\":\"CREATOR\",\"var\":\"作成者\",\"label\":\"作成者\"}]},{\"id\":null,\"type\":\"ROW\",\"isSubTable\":false,\"var\":null,\"label\":null,\"controlList\":[{\"isVirtical\":true,\"styleMap\":{\"width\":196},\"type\":\"MODIFIED_AT\",\"var\":\"更新日時\",\"label\":\"更新日時\"},{\"isVirtical\":true,\"styleMap\":{\"width\":136},\"type\":\"MODIFIER\",\"var\":\"更新者\",\"label\":\"更新者\"}]}],\"type\":\"GROUP\",\"var\":\"システム利用\",\"label\":\"システム利用\"}]}]","revision":null},"iconMeta":null,"info":{"automaticallyChooseTitleComponent":"false","code":null,"decimalPrecision":"16","decimalScale":"4","description":"\u003Cdiv\u003E\u003Cbr /\u003E\u003C/div\u003E","enableBulkDeletion":"false","enableRecordReuse":"true","fiscalYearStartMonth":"4","iconKey":"APP65","iconType":"PRESET","jsFiles":null,"jsScope":"ALL","name":"【GAMENI練習】見積アプリ","roundingMode":"HALF_EVEN","theme":"PLAIN","titleComponentLocalId":"5519915","useComment":"true","useHistory":"true","useThumbnail":"true"},"jsFiles":[],"notification":{"appNotifications":[{"events":["RECORD_COMMENT_ADDED"],"target":{"entityId":"5519905","entityType":"FIELD_ENTITY","includeSubs":"false"}},{"events":["RECORD_COMMENT_ADDED"],"target":{"entityId":"5519906","entityType":"FIELD_ENTITY","includeSubs":"false"}}],"recordNotifications":[],"reminderTimezone":null,"reminders":[],"useComment":"true","useReminder":"false"},"plugins":[{"enabled":"true","id":"fdeplpmkengkldpdlaiegpokgmaabkkb"}],"reports":[],"resource":{"tables":[{"rows":[{"fields":[],"objectId":"0","subObjectId":"-1"}],"type":"AppName"},{"rows":[{"fields":[],"objectId":"0","subObjectId":"-1"}],"type":"AppDescription"},{"rows":[{"fields":[],"objectId":"5519904","subObjectId":"-1"},{"fields":[],"objectId":"5519905","subObjectId":"-1"},{"fields":[],"objectId":"5519906","subObjectId":"-1"},{"fields":[],"objectId":"5519907","subObjectId":"-1"},{"fields":[],"objectId":"5519908","subObjectId":"-1"},{"fields":[],"objectId":"5519909","subObjectId":"-1"},{"fields":[],"objectId":"5519910","subObjectId":"-1"},{"fields":[],"objectId":"5519911","subObjectId":"-1"},{"fields":[],"objectId":"5519914","subObjectId":"-1"},{"fields":[],"objectId":"5519915","subObjectId":"-1"},{"fields":[],"objectId":"5519916","subObjectId":"-1"},{"fields":[],"objectId":"5519917","subObjectId":"-1"},{"fields":[],"objectId":"5739079","subObjectId":"-1"},{"fields":[],"objectId":"5739074","subObjectId":"-1"},{"fields":[],"objectId":"5739075","subObjectId":"-1"},{"fields":[],"objectId":"5739076","subObjectId":"-1"},{"fields":[],"objectId":"5739077","subObjectId":"-1"},{"fields":[],"objectId":"5739078","subObjectId":"-1"},{"fields":[],"objectId":"5739104","subObjectId":"-1"},{"fields":[],"objectId":"5739082","subObjectId":"-1"},{"fields":[],"objectId":"5739083","subObjectId":"-1"},{"fields":[],"objectId":"5739085","subObjectId":"-1"},{"fields":[],"objectId":"5739088","subObjectId":"-1"}],"type":"FieldLabel"},{"rows":[{"fields":[],"objectId":"20","subObjectId":"-1"}],"type":"ViewName"}]},"schema":{"groups":[{"childLocalId":"5519905","vtComponentLocalId":"5519913"},{"childLocalId":"5519906","vtComponentLocalId":"5519913"},{"childLocalId":"5519907","vtComponentLocalId":"5519913"},{"childLocalId":"5519908","vtComponentLocalId":"5519913"},{"childLocalId":"5519914","vtComponentLocalId":"5519913"},{"childLocalId":"5519915","vtComponentLocalId":"5519913"},{"childLocalId":"5519916","vtComponentLocalId":"5519913"},{"childLocalId":"5519917","vtComponentLocalId":"5519913"}],"revision":null,"subTable":{"5739079":{"fieldList":{"5739074":{"id":"5739074","label":"商品名","properties":{"defaultValue":"","expression":"","hideExpression":"false","max":null,"min":null,"noLabel":"false","required":"false","unique":"false"},"type":"SINGLE_LINE_TEXT","var":"商品名"},"5739075":{"id":"5739075","label":"分類","properties":{"defaultValue":"","expression":"","hideExpression":"false","max":null,"min":null,"noLabel":"false","required":"false","unique":"false"},"type":"SINGLE_LINE_TEXT","var":"分類"},"5739076":{"id":"5739076","label":"単価","properties":{"defaultValue":null,"digit":"true","displayScale":null,"max":null,"min":null,"noLabel":"false","required":"false","roundingMode":null,"scale":null,"unique":"false","unit":"","unitPosition":"BEFORE"},"type":"DECIMAL","var":"単価"},"5739077":{"id":"5739077","label":"数量","properties":{"defaultValue":null,"digit":"false","displayScale":null,"max":null,"min":null,"noLabel":"false","required":"false","roundingMode":null,"scale":null,"unique":"false","unit":"","unitPosition":"BEFORE"},"type":"DECIMAL","var":"数量"},"5739078":{"id":"5739078","label":"金額","properties":{"defaultValue":null,"digit":"true","displayScale":null,"max":null,"min":null,"noLabel":"false","required":"false","roundingMode":null,"scale":null,"unique":"false","unit":"￥","unitPosition":"BEFORE"},"type":"DECIMAL","var":"金額"},"5739104":{"id":"5739104","label":"商品検索","properties":{"defaultValue":"","expression":"","hideExpression":"false","max":null,"min":null,"noLabel":"false","required":"false","unique":"false"},"type":"SINGLE_LINE_TEXT","var":"商品検索"}},"id":"5739079","label":"テーブル","properties":{"noLabel":"false"},"var":"テーブル"}},"table":{"fieldList":{"5519904":{"id":"5519904","label":"レコード番号","properties":{"noLabel":"false","required":"true"},"type":"RECORD_ID","var":"レコード番号"},"5519905":{"id":"5519905","label":"更新者","properties":{"noLabel":"false","required":"true"},"type":"MODIFIER","var":"更新者"},"5519906":{"id":"5519906","label":"作成者","properties":{"noLabel":"false","required":"true"},"type":"CREATOR","var":"作成者"},"5519907":{"id":"5519907","label":"更新日時","properties":{"noLabel":"false","required":"true"},"type":"MODIFIED_AT","var":"更新日時"},"5519908":{"id":"5519908","label":"作成日時","properties":{"noLabel":"false","required":"true"},"type":"CREATED_AT","var":"作成日時"},"5519909":{"id":"5519909","label":"ステータス","properties":{"noLabel":"false","required":"false"},"type":"STATUS","var":"ステータス"},"5519910":{"id":"5519910","label":"作業者","properties":{"noLabel":"false","required":"false"},"type":"STATUS_ASSIGNEE","var":"作業者"},"5519911":{"id":"5519911","label":"カテゴリー","properties":{"noLabel":"false","required":"false"},"type":"CATEGORY","var":"カテゴリー"},"5519913":{"id":"5519913","label":"システム利用","properties":{"noLabel":"false","open":"false","required":"false"},"type":"GROUP","var":"システム利用"},"5519914":{"id":"5519914","label":"uid","properties":{"defaultValue":null,"digit":"false","displayScale":null,"max":null,"min":null,"noLabel":"false","required":"true","roundingMode":null,"scale":null,"unique":"true","unit":"","unitPosition":"BEFORE"},"type":"DECIMAL","var":"uid"},"5519915":{"id":"5519915","label":"レコードタイトル","properties":{"defaultValue":"","expression":"","hideExpression":"false","max":null,"min":null,"noLabel":"false","required":"true","unique":"false"},"type":"SINGLE_LINE_TEXT","var":"record_title"},"5519916":{"id":"5519916","label":"レコード情報検索","properties":{"defaultValue":"","expression":"","hideExpression":"false","max":"64","min":null,"noLabel":"false","required":"true","unique":"true"},"type":"SINGLE_LINE_TEXT","var":"lookup_key"},"5519917":{"id":"5519917","label":"No","properties":{"defaultValue":"","expression":"","hideExpression":"false","max":"64","min":null,"noLabel":"false","required":"true","unique":"true"},"type":"SINGLE_LINE_TEXT","var":"no"},"5739082":{"id":"5739082","label":"日付","properties":{"defaultExpression":"NOW","defaultValue":null,"noLabel":"false","required":"false","unique":"false"},"type":"DATE","var":"日付"},"5739083":{"id":"5739083","label":"顧客","properties":{"defaultValue":"","expression":"","hideExpression":"false","max":null,"min":null,"noLabel":"false","required":"false","unique":"false"},"type":"SINGLE_LINE_TEXT","var":"顧客"},"5739085":{"id":"5739085","label":"合計金額","properties":{"defaultValue":null,"digit":"true","displayScale":null,"max":null,"min":null,"noLabel":"false","required":"false","roundingMode":null,"scale":null,"unique":"false","unit":"￥","unitPosition":"BEFORE"},"type":"DECIMAL","var":"合計金額"},"5739088":{"id":"5739088","label":"文字列 (1行)","properties":{"defaultValue":"","expression":"","hideExpression":"false","max":null,"min":null,"noLabel":"false","required":"false","unique":"false"},"type":"SINGLE_LINE_TEXT","var":"文字列__1行_"}},"id":"1","label":"__ROOT__","properties":null,"var":"__ROOT__"}},"settingsNotesForm":{"content":null,"willBeInherited":null},"status":{"actions":[],"filters":[],"initialStateId":null,"states":[],"useStatus":"false"},"uuid":"9007ce88-d194-4d71-a472-7efd14d60749","views":[{"advancedMode":null,"builtinType":"ALL","device":null,"fields":[{"row":[{"columnWidth":null,"id":"5519904"},{"columnWidth":null,"id":"5519914"},{"columnWidth":null,"id":"5519915"},{"columnWidth":null,"id":"5519916"},{"columnWidth":null,"id":"5519917"},{"columnWidth":null,"id":"5739082"},{"columnWidth":null,"id":"5739083"},{"columnWidth":null,"id":"5739085"},{"columnWidth":null,"id":"5739088"}]}],"filter":{"category":null,"offset":null,"order":[],"q":null,"size":null,"sort":[]},"html":null,"keyFieldId":null,"name":"（すべて）","pager":null,"revision":null,"titleFieldId":null,"view":"20","viewType":"LIST"}]}],"description":"","iconKey":"APP77","iconMeta":null,"iconSrcAppId":"861e2495-2e7e-4be9-b4f6-299576ae2cc8","iconType":"PRESET","imagesMeta":[],"lookups":[{"actingAppId":"9007ce88-d194-4d71-a472-7efd14d60749","fieldMappings":[{"fieldId":"5739074","targetFieldId":"5739038"},{"fieldId":"5739075","targetFieldId":"5739037"},{"fieldId":"5739076","targetFieldId":"5739039"}],"keyMapping":{"fieldId":"5739104","targetFieldId":"5519916"},"listFields":[],"query":{"category":null,"offset":null,"order":["desc"],"q":"order by f5519904 desc","size":null,"sort":["f5519904"]},"targetAppId":"32e3412d-0d10-4c4f-991f-06ef8f9ef1b4"}],"name":"GAMENI_Practice001","references":[],"version":"39"}